{
  "drb_position": [
    968.0,
    230.0,
    200.0
  ],
  "drb_rotation": [
    0.0,
    0.0,
    90.0
  ],
  "trajectories": [
    {
      "name": "left hippocampus",
      "start_drb": [
        167.9289,
        24.8278,
        38.1605
      ],
      "end_drb": [
        23.711397171020508,
        4.623099327087402,
        2.200929403305054
      ]
    },
    {
      "name": "left insula",
      "start_drb": [
        176.6732,
        -6.9145,
        76.2147
      ],
      "end_drb": [
        39.396263122558594,
        -4.042044639587402,
        15.826123237609863
      ]
    }
  ]
}